{"cameraMode":{"drawMode":0,"name":"Shaded","section":"Shading Mode"},"sceneLighting":true,"audioPlay":false,"sceneViewState":{"m_AlwaysRefresh":false,"showFog":true,"showSkybox":true,"showFlares":true,"showImageEffects":true,"showParticleSystems":true,"showVisualEffectGraphs":true,"m_FxEnabled":true},"in2DMode":false,"pivot":{"x":-7.649289608001709,"y":-115.42453002929688,"z":-136.9639892578125},"rotation":{"x":0.0024976867716759445,"y":-0.9364387392997742,"z":0.3512120544910431,"w":0.007650710176676512},"size":94.55549621582031,"orthographic":false}